"Renta personal media de la C.A. de Euskadi (euros) por barrios, tipo de renta y periodo",,,,,,,,,,,,,,
,,,,,,,,,,,,,,
,,2006,2009,2011,2013,2014,2015,2016,2017,2018,2019,2020,2021,2022
BILBAO,Renta total,18196,20081,19787,19717,19761,20313,20526,21245,21538,22659,22464,23592,25366
,Renta del trabajo,10749,12285,12062,11735,11737,11734,11855,12448,12571,13304,12656,13491,14545
,Renta capital mobiliario,2315,2000,1717,1613,1484,1403,1467,1343,1394,1441,1357,1461,1780
,Renta capital inmobiliario,312,372,417,393,431,451,477,518,511,566,530,563,623
,Renta de actividades,1024,948,954,903,986,1138,1064,1107,1163,1190,1108,1270,1236
,Transferencias,3797,4476,4638,5073,5123,5587,5662,5829,5899,6157,6813,6807,7181
,Renta disponible,15099,16951,16520,16318,16399,16797,16976,17556,17685,18663,18647,19405,20849
Abando,Renta total,31537,35939,32572,33106,33254,34844,35022,35944,37017,40605,41423,42546,47044
,Renta del trabajo,16037,21667,18363,18332,18228,19413,18937,19616,19726,22191,21626,22877,24774
,Renta capital mobiliario,7496,5767,5274,5084,4940,4671,5041,4775,5248,6037,7010,6324,7893
,Renta capital inmobiliario,790,977,1127,1111,1188,1247,1313,1463,1453,1551,1472,1520,1711
,Renta de actividades,2728,2442,2562,2719,2994,3200,3289,3349,3767,3668,3315,4052,3942
,Transferencias,4487,5085,5246,5860,5904,6314,6441,6741,6823,7158,8000,7774,8725
,Renta disponible,24914,28527,25565,25498,25641,26717,26837,27606,28168,30812,31906,32024,35361
Altamira,Renta total,11660,13172,12629,12632,12509,13260,13338,13853,14103,14723,14206,15024,15863
,Renta del trabajo,6832,7570,7272,7205,6989,6950,7135,7755,7886,8461,7711,8525,9303
,Renta capital mobiliario,534,483,270,299,254,277,208,118,214,226,143,106,142
,Renta capital inmobiliario,57,69,95,78,100,140,168,191,188,214,219,228,221
,Renta de actividades,408,457,538,442,606,763,699,700,733,746,666,704,716
,Transferencias,3830,4594,4455,4607,4560,5130,5127,5090,5082,5076,5466,5460,5481
,Renta disponible,10347,11871,11271,11231,11203,11818,11864,12309,12449,12994,12624,13281,13986
Ametzola,Renta total,19621,21861,21352,21189,20879,20979,21351,21511,21449,22975,22904,24409,25873
,Renta del trabajo,11366,12951,12805,12508,12285,12133,12246,12528,12470,13587,13020,14080,15128
,Renta capital mobiliario,2442,2315,1797,1718,1535,1325,1438,1249,1159,1183,1101,1299,1440
,Renta capital inmobiliario,411,485,545,488,525,536,524,571,557,620,603,638,702
,Renta de actividades,917,951,925,879,880,960,1007,912,1037,1129,1038,1293,1232
,Transferencias,4486,5159,5280,5596,5654,6026,6136,6251,6225,6455,7143,7099,7371
,Renta disponible,16195,18363,17705,17489,17247,17331,17598,17816,17650,18937,19013,20092,21276
Arabella,Renta total,12758,14477,14161,14251,13883,13868,14149,14216,14279,14742,14196,14945,15996
,Renta del trabajo,7697,8722,8829,8798,8667,8167,8588,8911,9048,9277,8450,9301,10349
,Renta capital mobiliario,579,705,627,495,438,330,203,169,172,131,164,91,143
,Renta capital inmobiliario,47,47,58,38,60,73,92,89,74,84,82,84,100
,Renta de actividades,493,524,381,344,451,392,426,423,368,519,405,535,494
,Transferencias,3942,4480,4265,4575,4267,4905,4841,4624,4617,4731,5094,4934,4911
,Renta disponible,11223,12992,12538,12540,12328,12262,12498,12590,12602,12998,12602,13162,14101
Arangoiti,Renta total,12332,13916,13634,13504,13731,14069,14139,14718,15457,15671,15356,15864,17041
,Renta del trabajo,7865,8711,8540,7991,8041,8016,7979,8207,8338,8895,8140,8712,9562
,Renta capital mobiliario,603,687,482,553,525,484,463,532,1177,555,412,424,521
,Renta capital inmobiliario,104,154,192,145,189,186,207,230,193,246,232,249,261
,Renta de actividades,637,564,520,508,602,593,574,686,643,673,632,707,731
,Transferencias,3122,3800,3901,4308,4374,4790,4917,5064,5106,5302,5939,5772,5967
,Renta disponible,10736,12294,11940,11801,12020,12332,12387,12893,13381,13657,13500,13857,14876
Atxuri,Renta total,12966,14748,14724,14929,15188,15761,15816,16434,17044,18011,17835,18889,20585
,Renta del trabajo,7860,9129,9059,9434,9835,9438,9578,10259,10790,11625,11060,11874,12922
,Renta capital mobiliario,817,817,802,569,512,597,545,408,505,446,406,428,875
,Renta capital inmobiliario,124,154,180,139,157,176,184,229,240,269,249,289,343
,Renta de actividades,601,577,634,556,641,686,706,678,758,743,716,773,825
,Transferencias,3564,4071,4049,4231,4044,4864,4803,4859,4751,4927,5404,5524,5620
,Renta disponible,11283,13016,12821,12948,13250,13711,13703,14222,14624,15467,15367,16203,17565
Basurtu,Renta total,19825,21793,21666,21651,21455,22380,22800,23892,23938,25240,25401,26855,28775
,Renta del trabajo,12113,13724,13351,12993,12840,13936,14009,14826,14768,15432,15198,16227,17232
,Renta capital mobiliario,2235,1965,1930,1772,1526,1252,1427,1395,1273,1404,1132,1373,1633
,Renta capital inmobiliario,392,461,496,454,477,486,525,569,564,598,571,617,685
,Renta de actividades,1060,900,856,786,827,893,899,909,975,1005,917,1069,1040
,Transferencias,4025,4743,5033,5645,5784,5812,5939,6193,6358,6800,7583,7571,8184
,Renta disponible,16200,18162,17883,17670,17646,18404,18695,19625,19543,20703,20932,21952,23527
Begoña,Renta total,19441,21464,21483,21540,22000,21829,22028,22492,22555,23939,23503,24125,26968
,Renta del trabajo,11986,12631,12044,11337,11403,11387,11500,11397,11346,12216,11653,12058,13254
,Renta capital mobiliario,1994,1908,1973,2019,2256,1585,1428,1536,1427,1419,1183,1202,2136
,Renta capital inmobiliario,396,463,488,444,466,524,543,585,554,651,592,641,688
,Renta de actividades,837,816,679,626,746,712,757,806,875,919,782,980,865
,Transferencias,4228,5646,6299,7115,7128,7621,7800,8168,8351,8734,9292,9243,10025
,Renta disponible,16053,18062,17908,17790,18256,18083,18243,18672,18641,19869,19661,20033,22327
Bilbao la Vieja,Renta total,10328,12300,12982,13673,13631,13846,14236,15108,15076,16333,16099,17590,19897
,Renta del trabajo,6477,8627,9658,10084,10006,9284,9733,10483,10585,11567,10782,11887,13106
,Renta capital mobiliario,821,495,361,361,314,224,252,324,217,181,158,216,1005
,Renta capital inmobiliario,58,86,95,117,122,126,142,175,201,231,201,218,292
,Renta de actividades,466,422,436,430,475,564,558,599,638,753,635,863,891
,Transferencias,2507,2670,2431,2681,2715,3648,3550,3527,3435,3601,4325,4406,4603
,Renta disponible,9019,10849,11343,11922,11913,12107,12379,13049,12944,14007,13964,15089,16967
Bolueta,Renta total,13137,14453,14264,13987,14052,14260,14561,14943,15040,16012,16375,17570,19347
,Renta del trabajo,8603,9341,8984,8387,8236,8131,8461,8642,8933,9818,9880,11094,12760
,Renta capital mobiliario,696,585,509,529,527,357,312,315,233,257,178,299,325
,Renta capital inmobiliario,89,99,134,107,130,156,154,148,137,177,172,195,243
,Renta de actividades,688,557,536,507,640,665,688,721,686,703,666,725,698
,Transferencias,3061,3870,4101,4458,4519,4950,4946,5117,5052,5057,5479,5258,5321
,Renta disponible,11427,12793,12582,12292,12375,12550,12807,13126,13163,14003,14419,15267,16733
Casco Viejo Bilbao,Renta total,19818,22805,22409,21946,22009,22830,22691,24509,24203,25386,25201,26461,28350
,Renta del trabajo,12858,15478,15698,15380,15321,15272,15469,16434,16103,16767,15895,17068,18520
,Renta capital mobiliario,2308,2184,1665,1191,1148,1519,942,1172,1073,1072,1269,1131,1247
,Renta capital inmobiliario,282,371,439,479,523,570,637,742,785,858,732,804,925
,Renta de actividades,1523,1556,1465,1449,1515,1405,1419,1602,1699,1762,1574,1808,1795
,Transferencias,2848,3216,3143,3447,3502,4063,4224,4561,4544,4927,5731,5650,5864
,Renta disponible,16315,18993,18462,17907,18042,18650,18546,19952,19517,20624,20550,21439,22982
Castaños,Renta total,25705,27763,27482,27547,27197,28702,28107,29160,29692,29986,28878,30646,32469
,Renta del trabajo,15025,16615,16696,15914,15547,16178,16353,16722,16650,16645,15825,16295,17068
,Renta capital mobiliario,4280,3559,2619,3178,2410,3053,2146,2357,2498,2654,1812,2679,3196
,Renta capital inmobiliario,552,684,753,701,775,796,885,902,928,999,895,971,1073
,Renta de actividades,1355,1558,1628,1467,1932,1930,1901,1967,2127,1568,1462,1682,1601
,Transferencias,4493,5347,5786,6288,6534,6745,6822,7212,7489,8120,8884,9018,9531
,Renta disponible,20640,22671,22117,21826,21610,22684,22296,23074,23347,23962,23212,24566,25951
Ciudad Jardín,Renta total,19738,21539,22546,22390,21969,22139,22336,22323,22744,23899,24082,24992,27424
,Renta del trabajo,13862,15134,16099,14252,14286,14561,14588,14329,14656,15058,15095,15725,17543
,Renta capital mobiliario,1673,1389,1218,2638,1727,1615,1598,1443,1425,1730,1056,719,1614
,Renta capital inmobiliario,247,407,418,353,466,452,498,484,456,541,465,601,655
,Renta de actividades,1052,1211,921,636,745,631,588,633,797,815,860,1137,970
,Transferencias,2906,3398,3889,4511,4746,4880,5064,5433,5410,5754,6607,6810,6642
,Renta disponible,16219,17894,18638,18246,18130,18199,18498,18434,18653,19788,19857,20528,22445
Errekaldeberri,Renta total,14103,15688,15532,15286,15458,15708,15863,16293,16282,17363,17117,18012,19054
,Renta del trabajo,8736,9981,10077,9706,9816,9548,9813,10142,10250,11015,10234,10969,11887
,Renta capital mobiliario,1164,889,665,707,670,666,526,474,426,485,462,543,483
,Renta capital inmobiliario,142,161,170,154,193,205,211,233,228,271,269,289,312
,Renta de actividades,688,629,609,540,578,644,667,686,691,740,674,780,722
,Transferencias,3372,4027,4011,4179,4200,4645,4646,4758,4686,4852,5478,5431,5651
,Renta disponible,12157,13760,13493,13218,13377,13593,13697,14053,13973,14920,14799,15470,16345
Ibarrekolanda,Renta total,18673,19871,20101,20084,20282,20190,20435,21113,21124,22020,22585,23667,25148
,Renta del trabajo,11484,12801,12580,11949,12045,11873,11893,12270,12084,12450,12449,13256,14199
,Renta capital mobiliario,2184,1410,1384,1352,1199,962,894,871,868,991,803,1038,1063
,Renta capital inmobiliario,231,286,320,325,358,355,364,416,395,454,443,470,518
,Renta de actividades,694,620,634,556,610,628,655,723,727,726,812,752,741
,Transferencias,4079,4754,5184,5902,6070,6371,6630,6834,7050,7401,8077,8151,8627
,Renta disponible,15197,16801,16804,16687,16954,16847,17039,17603,17500,18343,18954,19692,20924
Indautxu,Renta total,29992,32561,32461,31774,31966,33958,34360,35702,36281,37467,36277,38097,41750
,Renta del trabajo,14401,16912,17377,16936,17206,17572,17508,19719,19782,20596,19695,20554,22412
,Renta capital mobiliario,7079,6359,5334,4808,4436,4404,5865,4552,4887,4660,3959,4536,5780
,Renta capital inmobiliario,1081,1269,1344,1281,1375,1418,1478,1552,1562,1705,1560,1640,1808
,Renta de actividades,2435,2344,2476,2296,2403,3765,2652,2819,2830,3019,2858,3185,3057
,Transferencias,4995,5677,5930,6453,6546,6799,6857,7060,7220,7486,8205,8181,8693
,Renta disponible,23780,26153,25731,24691,24894,25977,26545,27399,27710,28870,28292,29416,32318
Iralabarri,Renta total,17016,18763,18123,17496,17773,18017,18271,18667,18769,19563,19212,20264,21727
,Renta del trabajo,9846,10985,10947,10513,10622,10569,10839,11041,11071,11783,11019,11657,12590
,Renta capital mobiliario,2227,2101,1582,1206,1229,1039,915,901,1061,896,726,1001,1202
,Renta capital inmobiliario,309,380,399,367,384,378,401,431,407,441,429,450,483
,Renta de actividades,925,874,833,753,872,859,864,901,889,938,887,1016,1021
,Transferencias,3709,4424,4361,4658,4666,5172,5252,5394,5342,5505,6151,6140,6431
,Renta disponible,14260,16034,15290,14734,14995,15242,15436,15782,15740,16480,16286,17040,18240
Iturralde,Renta total,16076,17529,17587,18439,18453,18510,18796,19404,19291,20154,21342,21267,22507
,Renta del trabajo,10403,11469,11718,12169,12063,11546,11784,11893,11927,12556,11944,12888,13631
,Renta capital mobiliario,1339,1171,883,874,810,772,697,892,871,715,1883,719,1118
,Renta capital inmobiliario,146,166,203,202,258,267,288,322,314,349,341,369,392
,Renta de actividades,840,737,701,667,719,746,742,829,811,890,780,848,832
,Transferencias,3348,3986,4083,4527,4604,5180,5285,5468,5368,5644,6394,6443,6533
,Renta disponible,13598,15082,14930,15559,15632,15635,15873,16410,16167,17007,18020,17970,18931
Iturrigorri-Peñascal,Renta total,9210,10579,9794,9969,9712,10193,10418,10603,10722,10981,11096,12470,13362
,Renta del trabajo,6015,6626,6218,6194,6132,5353,5517,5778,6068,6371,6064,6941,7542
,Renta capital mobiliario,149,235,123,131,110,163,122,125,80,28,20,82,57
,Renta capital inmobiliario,14,22,41,27,51,56,50,45,47,46,58,77,77
,Renta de actividades,479,521,378,407,355,349,365,371,441,361,315,359,416
,Transferencias,2554,3175,3033,3210,3063,4272,4364,4284,4086,4175,4640,5010,5269
,Renta disponible,8261,9603,8846,9068,8851,9304,9493,9658,9704,9941,10114,11290,12085
La Peña,Renta total,13033,14419,14178,14058,14108,14525,14630,15117,15324,16090,16125,16740,17610
,Renta del trabajo,8603,9329,9118,8656,8700,8441,8596,8906,9037,9554,9013,9669,10247
,Renta capital mobiliario,669,683,461,514,501,394,327,301,236,298,285,234,264
,Renta capital inmobiliario,98,136,175,140,157,164,173,191,167,195,192,195,206
,Renta de actividades,751,646,691,603,652,733,704,719,723,800,701,765,795
,Transferencias,2911,3625,3734,4144,4098,4793,4829,5000,5160,5244,5933,5877,6098
,Renta disponible,11278,12775,12432,12349,12405,12793,12861,13273,13419,14104,14210,14685,15442
La Ribera,Renta total,12836,14682,15146,14834,15406,15840,16858,17334,16810,17934,17233,19212,20690
,Renta del trabajo,7980,9828,10043,9922,10492,10203,10757,11803,11461,12793,11041,12993,14264
,Renta capital mobiliario,850,561,447,247,492,339,385,181,169,246,308,172,176
,Renta capital inmobiliario,47,54,52,136,177,195,309,182,231,233,166,241,257
,Renta de actividades,606,804,829,578,639,837,1225,1342,1235,1031,803,949,1054
,Transferencias,3353,3435,3775,3952,3607,4267,4182,3827,3715,3631,4914,4857,4940
,Renta disponible,11124,12858,13224,12964,13502,13812,14606,14990,14420,15309,14910,16505,17685
Larraskitu,Renta total,12675,13953,13670,13366,14141,14756,14970,15551,15608,17399,17192,18289,19619
,Renta del trabajo,7786,8665,8453,7961,9099,9240,9496,10056,10482,11767,10978,11989,13155
,Renta capital mobiliario,638,579,476,504,488,439,340,309,189,350,284,395,410
,Renta capital inmobiliario,75,94,124,129,119,141,146,169,147,226,205,245,279
,Renta de actividades,553,444,459,372,486,457,464,500,552,687,727,767,840
,Transferencias,3623,4170,4157,4401,3949,4479,4524,4516,4238,4368,4998,4892,4935
,Renta disponible,11054,12435,12011,11768,12442,12953,13103,13534,13509,14995,14881,15678,16764
Masustegi-Monte Caramelo,Renta total,16259,18151,18039,17618,17439,18117,18045,18605,18735,19833,19395,20420,21693
,Renta del trabajo,12066,13284,13381,12734,12476,12542,12502,12858,13041,13712,12710,13397,14369
,Renta capital mobiliario,860,910,585,539,486,463,343,434,337,383,312,411,425
,Renta capital inmobiliario,146,175,217,182,227,233,254,238,222,278,263,276,322
,Renta de actividades,885,897,802,735,739,908,920,885,867,871,838,1045,962
,Transferencias,2302,2886,3055,3428,3510,3971,4026,4190,4268,4589,5273,5290,5615
,Renta disponible,13607,15471,15289,14875,14787,15353,15250,15738,15741,16688,16451,17252,18326
Matiko,Renta total,16123,17610,17681,18051,18024,18083,18403,19129,19251,20134,19678,20623,21572
,Renta del trabajo,10181,11118,11265,11095,11079,10752,10934,11554,11313,12113,11182,11963,12456
,Renta capital mobiliario,1359,1261,1087,1122,888,770,672,672,830,576,474,472,649
,Renta capital inmobiliario,162,186,202,202,220,245,256,291,280,310,308,330,360
,Renta de actividades,604,555,512,526,583,587,642,687,715,741,753,817,731
,Transferencias,3816,4490,4616,5105,5254,5729,5899,5925,6113,6393,6961,7039,7376
,Renta disponible,13649,15182,15083,15251,15278,15365,15620,16232,16230,17033,16712,17401,18244
Miribilla,Renta total,-,23691,24322,23852,24208,24710,25317,26165,26737,28444,28102,29609,31071
,Renta del trabajo,-,19650,19878,19177,19447,19889,20513,21096,21803,22964,21781,22909,24145
,Renta capital mobiliario,-,782,772,907,841,699,645,818,682,691,662,1091,1141
,Renta capital inmobiliario,-,169,263,256,302,315,369,403,414,480,451,538,589
,Renta de actividades,-,1088,1164,1094,1241,1298,1353,1386,1386,1400,1350,1501,1483
,Transferencias,-,2002,2244,2418,2377,2508,2437,2463,2451,2909,3858,3571,3713
,Renta disponible,-,20083,20267,19720,19996,20365,20813,21445,21717,23212,23064,24036,25206
Olabeaga,Renta total,13144,15195,15096,15534,15093,15413,15699,16783,17251,18455,18646,19975,21369
,Renta del trabajo,7605,9801,9929,9881,9939,9844,10146,11417,11738,12709,12090,13502,14516
,Renta capital mobiliario,896,582,585,670,436,362,307,307,244,264,385,232,321
,Renta capital inmobiliario,99,74,83,96,148,176,194,199,220,268,214,227,274
,Renta de actividades,573,587,517,663,603,581,574,619,754,848,877,1137,1216
,Transferencias,3971,4152,3981,4224,3966,4450,4478,4241,4296,4366,5080,4876,5042
,Renta disponible,11445,13548,13221,13427,13099,13396,13622,14413,14832,15765,15958,16998,18056
Otxarkoaga,Renta total,9959,10840,10271,10829,10794,11172,11295,11759,11950,12587,12280,13086,14009
,Renta del trabajo,5680,6091,5825,6210,6125,5350,5489,5897,6181,6438,5848,6366,7053
,Renta capital mobiliario,357,350,265,251,218,223,230,166,131,245,116,132,162
,Renta capital inmobiliario,59,75,74,68,73,85,97,103,103,120,109,113,104
,Renta de actividades,481,443,417,386,408,452,445,464,466,499,459,495,512
,Transferencias,3381,3881,3690,3914,3969,5062,5034,5128,5069,5284,5748,5980,6178
,Renta disponible,8889,9827,9245,9827,9818,10171,10247,10658,10769,11331,11170,11858,12672
San Adrián,Renta total,18265,17393,17219,16935,16963,17247,17371,17704,17994,18929,18763,19769,20728
,Renta del trabajo,13662,11609,11288,10846,10935,10504,10715,10927,11098,11701,11024,11547,12032
,Renta capital mobiliario,1172,1007,827,992,862,942,623,610,541,538,509,634,582
,Renta capital inmobiliario,117,155,176,166,191,205,216,245,220,235,234,256,279
,Renta de actividades,854,673,656,587,575,638,659,658,679,649,615,678,689
,Transferencias,2460,3949,4272,4344,4401,4958,5158,5264,5455,5807,6381,6653,7145
,Renta disponible,15359,14948,14627,14355,14431,14650,14769,15059,15262,16049,16013,16707,17603
San Francisco,Renta total,9969,10823,10866,12026,12207,12892,13389,13637,13518,14744,14207,15542,16686
,Renta del trabajo,6193,7102,7321,8291,8413,7665,7977,8157,8345,9290,8530,9542,10434
,Renta capital mobiliario,708,615,460,391,450,364,392,411,318,408,206,375,435
,Renta capital inmobiliario,114,125,175,160,179,212,242,247,263,299,261,279,318
,Renta de actividades,609,554,555,542,595,634,675,688,744,808,743,796,851
,Transferencias,2344,2427,2354,2642,2571,4017,4103,4134,3847,3939,4467,4550,4647
,Renta disponible,8550,9457,9395,10465,10610,11210,11588,11821,11614,12668,12261,13361,14302
San Ignacio,Renta total,16406,17859,18316,17914,17961,18143,18322,18853,19484,20091,19971,20906,22416
,Renta del trabajo,10424,11576,11787,11372,11431,11345,11649,12032,12576,12886,12014,12882,14229
,Renta capital mobiliario,1108,904,1079,825,726,695,580,586,610,562,657,771,682
,Renta capital inmobiliario,152,188,205,194,215,221,242,250,248,288,281,284,313
,Renta de actividades,686,665,627,571,641,667,664,645,676,724,797,763,719
,Transferencias,4035,4527,4619,4952,4947,5214,5187,5340,5374,5631,6222,6205,6473
,Renta disponible,13916,15427,15611,15139,15229,15385,15502,15950,16271,16989,16882,17623,18887
San Pedro de Deustu,Renta total,20616,22783,22841,22664,22424,22799,22835,23759,24350,25184,25070,26222,27909
,Renta del trabajo,12449,14021,13887,13351,13175,13077,13050,13648,13983,14164,13722,14428,15305
,Renta capital mobiliario,2500,2378,2109,1977,1622,1583,1452,1415,1490,1643,1338,1662,1711
,Renta capital inmobiliario,346,398,439,425,461,490,522,575,565,629,601,630,708
,Renta de actividades,960,763,755,696,745,818,837,876,884,961,874,1013,1021
,Transferencias,4361,5223,5651,6216,6420,6832,6975,7245,7429,7786,8535,8490,9164
,Renta disponible,16809,18987,18814,18451,18330,18627,18634,19429,19821,20577,20559,21389,22788
Santutxu,Renta total,14690,16255,16057,15996,16051,16113,16306,16822,17053,17904,17846,18753,19875
,Renta del trabajo,8818,9641,9461,8985,8984,8655,8778,9197,9328,9916,9429,10116,10741
,Renta capital mobiliario,1172,1113,869,863,828,718,697,596,571,524,440,518,716
,Renta capital inmobiliario,179,210,236,213,242,257,271,280,267,313,296,311,348
,Renta de actividades,628,533,523,475,511,535,550,584,623,658,605,677,668
,Transferencias,3893,4758,4967,5460,5486,5948,6010,6165,6264,6494,7076,7131,7401
,Renta disponible,12590,14219,13909,13791,13881,13956,14088,14558,14692,15423,15462,16119,17102
Solokoetxe,Renta total,16080,17340,17348,16992,17014,17581,17976,18304,18455,19133,19301,20228,22334
,Renta del trabajo,9920,10710,10812,10386,10252,10288,10688,10947,10979,11440,11051,11699,12776
,Renta capital mobiliario,1574,1297,999,885,916,884,753,748,747,604,512,583,1192
,Renta capital inmobiliario,174,209,250,223,256,267,271,286,275,339,324,333,384
,Renta de actividades,714,721,708,627,643,680,681,707,741,769,732,798,767
,Transferencias,3698,4403,4579,4871,4947,5461,5584,5616,5715,5982,6683,6816,7215
,Renta disponible,13550,14901,14778,14428,14434,14917,15295,15503,15562,16198,16406,17093,18815
Txurdinaga,Renta total,17238,18538,18724,18226,18174,18378,18700,19221,19850,20512,20592,21416,23049
,Renta del trabajo,12013,12922,12871,11887,11607,11360,11616,11716,11865,12272,11673,12087,12886
,Renta capital mobiliario,1403,1009,952,859,806,753,713,658,725,668,622,754,998
,Renta capital inmobiliario,218,210,259,210,253,260,286,323,330,363,361,380,410
,Renta de actividades,775,676,653,591,643,703,674,701,776,732,710,727,718
,Transferencias,2830,3721,3989,4679,4864,5302,5411,5822,6154,6476,7226,7467,8037
,Renta disponible,14406,15817,15795,15319,15308,15483,15743,16228,16666,17275,17474,18027,19375
Uretamendi,Renta total,10047,11732,11008,10912,10861,11153,11453,11860,12064,12747,12792,13272,14092
,Renta del trabajo,6172,7018,6358,6047,6108,5579,5901,6359,6474,7124,6589,7237,7860
,Renta capital mobiliario,277,350,289,230,208,160,100,164,124,149,79,93,112
,Renta capital inmobiliario,38,58,88,79,91,100,102,100,93,102,102,79,80
,Renta de actividades,416,360,290,301,355,426,415,387,470,415,414,425,404
,Transferencias,3144,3946,3984,4254,4099,4886,4936,4850,4902,4957,5607,5437,5636
,Renta disponible,9004,10682,9993,9887,9913,10187,10435,10756,10903,11514,11631,11989,12731
Uribarri,Renta total,14441,15670,15642,15773,15879,16072,16043,16746,16763,18000,17368,18419,20052
,Renta del trabajo,8685,9346,9305,9020,9091,8901,9112,9547,9604,10358,9495,10590,11741
,Renta capital mobiliario,1130,988,818,855,756,749,473,615,545,754,377,421,639
,Renta capital inmobiliario,133,162,190,162,180,208,231,242,242,267,251,265,305
,Renta de actividades,566,532,505,484,541,534,528,561,555,551,569,658,611
,Transferencias,3926,4642,4823,5253,5311,5680,5700,5781,5817,6070,6676,6484,6755
,Renta disponible,12422,13761,13611,13653,13767,13922,13919,14480,14445,15493,15072,15852,17208
Zabala,Renta total,14209,13743,13255,13625,13797,14077,14082,14536,14494,15154,14999,15814,16989
,Renta del trabajo,8784,8074,7945,8203,8341,7695,7842,8291,8311,8786,8188,8857,9718
,Renta capital mobiliario,1080,840,620,577,570,424,382,414,383,317,245,380,456
,Renta capital inmobiliario,85,125,165,149,164,161,174,187,180,178,185,210,253
,Renta de actividades,632,470,473,394,501,539,560,599,636,692,676,732,788
,Transferencias,3628,4232,4050,4303,4221,5257,5123,5045,4985,5181,5705,5635,5774
,Renta disponible,12057,12089,11501,11883,12049,12330,12298,12649,12613,13169,13079,13722,14751
Zorrotza,Renta total,13027,14627,14791,14683,14524,14788,15069,15431,15524,16143,15966,16701,17741
,Renta del trabajo,8619,9465,9549,9059,8909,8716,8896,9055,9073,9364,8689,9160,9945
,Renta capital mobiliario,647,682,568,575,487,413,343,359,299,346,317,387,330
,Renta capital inmobiliario,91,115,142,137,155,160,168,180,155,187,182,200,213
,Renta de actividades,568,542,505,465,518,549,544,521,521,530,503,591,594
,Transferencias,3101,3823,4027,4447,4455,4949,5118,5316,5476,5716,6274,6363,6659
,Renta disponible,11319,12941,12937,12827,12717,12976,13204,13517,13539,14060,14064,14608,15521
Zurbaran,Renta total,16992,18727,18524,17758,17584,17865,18194,18625,18995,19905,19485,20241,21560
,Renta del trabajo,9721,10255,10110,9457,9410,9244,9479,9916,10098,10706,10240,10766,11765
,Renta capital mobiliario,1857,1992,1640,1215,979,912,936,831,884,979,705,845,827
,Renta capital inmobiliario,199,253,284,241,260,285,307,334,322,374,349,364,410
,Renta de actividades,815,726,752,583,669,688,691,698,713,748,669,729,728
,Transferencias,4400,5501,5737,6262,6266,6736,6781,6847,6978,7098,7521,7537,7830
,Renta disponible,14356,16168,15733,15010,14931,15203,15458,15832,16040,16858,16654,17169,18274
Donostia / San Sebastián,Renta total,20056,23054,23008,22268,22583,23469,24095,25141,25577,27297,26395,27558,30809
,Renta del trabajo,12014,13530,13617,13068,12981,13160,13447,13978,14270,14884,13752,14821,16073
,Renta capital mobiliario,2407,2559,2300,1905,2084,2121,2225,2517,2414,3147,2211,2448,3723
,Renta capital inmobiliario,497,611,694,707,727,786,842,901,952,990,914,973,1105
,Renta de actividades,1418,1296,1216,1143,1222,1310,1355,1394,1497,1505,1432,1531,1643
,Transferencias,3720,5059,5181,5444,5568,6090,6226,6351,6443,6771,8087,7784,8264
,Renta disponible,16628,19379,19168,18313,18389,19203,19750,20486,20819,22143,21481,22264,25001
Aiete,Renta total,25965,29719,29394,27762,28026,29674,31409,31872,31874,37863,33256,35406,41818
,Renta del trabajo,17820,19493,19646,18491,18239,18277,18663,19059,19303,20267,18736,20956,22075
,Renta capital mobiliario,2804,3487,3049,2307,2316,3080,4090,3949,3493,7907,3594,3631,8212
,Renta capital inmobiliario,550,667,756,728,725,784,842,883,936,996,961,1019,1172
,Renta de actividades,2262,1975,1899,1806,1987,2180,2335,2297,2376,2431,2257,2546,2731
,Transferencias,2529,4097,4044,4430,4760,5353,5478,5685,5766,6262,7708,7254,7628
,Renta disponible,20644,24018,23489,21995,21986,23427,24908,25180,25151,29604,26191,27442,32719
Altza,Renta total,13633,16127,16356,15691,15713,16071,16400,16754,16986,17876,17939,18563,20044
,Renta del trabajo,9077,10347,10350,9549,9494,9389,9706,9924,10236,10728,9618,10438,11365
,Renta capital mobiliario,578,784,583,536,494,445,402,406,327,373,294,419,506
,Renta capital inmobiliario,110,151,181,181,190,202,215,214,220,245,243,252,276
,Renta de actividades,863,760,732,668,726,779,788,793,815,843,795,775,830
,Transferencias,3004,4085,4509,4758,4809,5256,5290,5417,5388,5686,6989,6679,7066
,Renta disponible,11904,14259,14423,13737,13590,13976,14316,14573,14796,15486,15573,15982,17395
Amara Berri,Renta total,20769,24076,23950,23030,23009,24017,24155,24832,25343,27749,26298,27234,29235
,Renta del trabajo,12223,14087,14340,13736,13597,13796,14007,14345,14557,15350,14113,14787,15944
,Renta capital mobiliario,2422,2494,2178,1717,1687,1889,1509,1731,1815,2947,1450,1784,1913
,Renta capital inmobiliario,400,500,553,565,579,628,675,704,746,795,748,776,871
,Renta de actividades,1244,1111,1092,988,1039,1090,1136,1138,1196,1213,1168,1262,1351
,Transferencias,4480,5884,5788,6025,6108,6615,6828,6915,7029,7444,8819,8626,9156
,Renta disponible,17196,20191,19898,18955,18784,19675,19857,20345,20768,22567,21502,22172,23960
Antiguo,Renta total,25890,28479,28356,27536,28327,29704,30461,32771,33198,34474,32176,34329,38630
,Renta del trabajo,15154,16466,16363,15800,15598,16186,16564,17655,17436,17833,16046,17593,18509
,Renta capital mobiliario,4250,4170,4075,3337,3991,3867,3945,4775,4810,5690,4047,4728,7153
,Renta capital inmobiliario,686,831,1016,1032,1038,1110,1173,1251,1377,1418,1300,1365,1562
,Renta de actividades,2117,1696,1595,1657,1740,1871,1914,1854,2141,2003,1910,2095,2151
,Transferencias,3684,5315,5308,5710,5959,6670,6864,7237,7433,7531,8873,8548,9256
,Renta disponible,20843,23344,22924,21918,22268,23446,24068,25608,26051,27186,25522,26994,30473
Añorga,Renta total,18273,20703,20350,20870,20491,21658,21543,23052,23999,25850,26913,28627,31753
,Renta del trabajo,12486,13989,13228,13096,12492,13044,12918,13447,14506,16037,14409,17395,19565
,Renta capital mobiliario,1521,1126,1108,956,886,831,724,1571,1324,1349,2442,1567,1890
,Renta capital inmobiliario,276,325,373,347,306,336,377,383,396,510,592,593,718
,Renta de actividades,818,712,665,758,869,888,982,1010,1130,1041,1402,1356,1643
,Transferencias,3172,4551,4975,5713,5938,6559,6543,6640,6642,6912,8069,7717,7938
,Renta disponible,15319,17638,17298,17479,17066,18206,18080,19227,20012,21311,22048,23355,25888
Ategorrieta-Ulia,Renta total,21873,26697,24937,23985,25147,25800,27564,28145,29568,30346,29976,29759,33564
,Renta del trabajo,13416,15798,14892,14215,14164,14698,15119,15087,15963,16873,16072,16217,17768
,Renta capital mobiliario,2825,3681,2718,2421,3358,2827,3457,4126,4684,3805,2983,2856,4226
,Renta capital inmobiliario,658,892,1039,967,941,1095,1184,1194,1269,1268,1263,1265,1453
,Renta de actividades,1639,1630,1558,1385,1593,1599,1641,1538,1521,1658,1471,1573,1986
,Transferencias,3335,4696,4729,4998,5091,5581,6163,6200,6131,6741,8187,7849,8131
,Renta disponible,17873,22011,20456,19394,20093,20642,21920,22529,23613,24231,24055,23805,26979
Centro,Renta total,23404,26926,26747,25963,27067,28124,29221,30400,30944,32465,32154,33153,35739
,Renta del trabajo,10962,12452,12790,12319,12318,12538,12672,13274,13798,14251,13294,14771,15469
,Renta capital mobiliario,4637,4769,4374,3841,4574,4458,5177,5372,4742,5470,5392,4987,5596
,Renta capital inmobiliario,1220,1563,1749,1798,1871,2014,2113,2258,2382,2401,2149,2311,2651
,Renta de actividades,2066,1993,1776,1664,1796,2041,2068,2165,2498,2415,2305,2334,2688
,Transferencias,4518,6149,6059,6341,6508,7073,7192,7330,7524,7928,9014,8750,9335
,Renta disponible,19174,22380,21964,20891,21610,22583,23428,24242,24474,25681,25410,26097,28425
Egia,Renta total,16606,19458,19420,18864,18849,19711,20057,21371,21744,22794,22683,23548,25271
,Renta del trabajo,10131,11481,11581,11247,11241,11515,11749,12746,12996,13699,12427,13342,14582
,Renta capital mobiliario,1259,1593,1285,1025,987,978,952,1058,1120,1074,867,1011,974
,Renta capital inmobiliario,284,337,356,389,402,472,530,612,604,620,575,643,705
,Renta de actividades,947,859,830,729,793,831,828,931,950,1021,985,1056,1111
,Transferencias,3985,5189,5368,5474,5427,5915,5998,6024,6074,6380,7828,7495,7899
,Renta disponible,14211,16834,16686,16020,15841,16644,16959,17895,18236,19005,18963,19569,21116
Gros,Renta total,20521,23298,23494,22867,23279,23927,24237,26120,26238,28590,27741,29301,33621
,Renta del trabajo,11158,12585,12532,12019,12065,12123,12317,12888,13130,13997,13050,13851,14978
,Renta capital mobiliario,2915,2754,2680,2257,2380,2300,1994,2871,2382,3394,2271,3192,5434
,Renta capital inmobiliario,617,714,827,834,860,950,1033,1148,1235,1305,1198,1285,1471
,Renta de actividades,1310,1237,1190,1098,1186,1226,1249,1351,1417,1428,1436,1478,1525
,Transferencias,4520,6008,6265,6659,6788,7327,7644,7862,8073,8467,9785,9494,10212
,Renta disponible,17056,19577,19545,18778,18946,19591,19932,21302,21423,23154,22475,23639,27215
Ibaeta,Renta total,24255,27149,27284,26339,26343,27283,27476,28780,29774,30431,29845,31300,34981
,Renta del trabajo,17239,18455,18688,18002,17615,17823,17994,18537,19186,19169,18010,18870,21448
,Renta capital mobiliario,2273,2580,2583,2071,2242,2278,2151,2705,2900,3031,2313,3082,3356
,Renta capital inmobiliario,397,480,552,583,601,626,699,739,780,853,791,829,950
,Renta de actividades,1720,1627,1438,1417,1441,1561,1658,1725,1764,1695,1613,1695,1857
,Transferencias,2627,4006,4023,4267,4445,4995,4974,5075,5145,5683,7117,6824,7370
,Renta disponible,19598,22331,22187,21073,20959,21772,21964,22938,23704,24255,23834,24862,27633
Igeldo,Renta total,20963,22005,21651,22213,21238,24415,22958,23643,25725,25031,25797,26885,29951
,Renta del trabajo,11546,12259,12280,12644,11936,12157,12103,12892,13179,13620,13102,14246,15685
,Renta capital mobiliario,3424,2084,1755,1565,1442,3134,1371,1205,3170,1827,2383,2490,3258
,Renta capital inmobiliario,695,815,983,1029,967,1241,1445,1597,1733,1669,1516,1635,1904
,Renta de actividades,2325,2467,2174,2070,1934,2349,2456,2353,2249,2482,2074,2097,2491
,Transferencias,2974,4380,4459,4904,4959,5533,5583,5595,5395,5434,6722,6416,6613
,Renta disponible,17343,18657,18257,18350,17458,20045,19041,19515,21038,20575,21195,21786,24374
Intxaurrondo,Renta total,16345,18989,18935,18136,18107,18628,19017,19397,19657,20796,20967,21286,23088
,Renta del trabajo,11418,13047,12864,12101,11926,11975,12280,12523,12657,13169,12191,12833,14046
,Renta capital mobiliario,981,1172,930,762,737,768,706,702,671,896,799,625,732
,Renta capital inmobiliario,140,174,213,223,245,256,290,311,339,366,350,362,403
,Renta de actividades,1008,922,857,741,761,765,802,877,869,905,869,954,984
,Transferencias,2798,3675,4072,4310,4439,4864,4939,4985,5121,5460,6758,6512,6923
,Renta disponible,13855,16260,16173,15334,15179,15671,16035,16306,16566,17440,17617,17790,19411
Landarbaso,Renta total,-,25030,19383,19296,21970,26750,24826,25933,24696,25300,28414,31301,34753
,Renta del trabajo,-,15207,15732,13303,16588,18353,12972,13422,12590,14779,18061,18890,17807
,Renta capital mobiliario,-,820,314,254,212,887,749,983,235,219,1205,288,773
,Renta capital inmobiliario,-,0,0,360,420,0,172,764,1109,1037,836,455,653
,Renta de actividades,-,6823,126,42,16,73,24,170,24,0,199,0,0
,Transferencias,-,2180,3211,5337,4733,7437,10909,10594,10737,9265,8112,11669,15520
,Renta disponible,-,21270,15919,16195,17550,21133,20620,21365,20988,21109,23035,25302,28374
Loiola,Renta total,15432,18157,17671,17611,17439,18253,19048,18997,19058,21203,21019,21508,23299
,Renta del trabajo,9987,11608,11213,11204,11005,11189,11971,11842,12084,14038,12739,13526,14935
,Renta capital mobiliario,1032,1014,843,722,666,779,693,555,526,652,518,563,597
,Renta capital inmobiliario,227,271,266,300,288,313,360,346,328,354,343,371,425
,Renta de actividades,808,867,732,657,654,718,745,723,789,1023,945,1067,1057
,Transferencias,3378,4398,4617,4729,4826,5253,5278,5532,5332,5137,6473,5983,6285
,Renta disponible,13246,15683,15277,15043,14773,15510,16239,16143,16191,17891,17766,18063,19640
Martutene,Renta total,14960,17463,17680,17426,18154,17515,18580,19660,19849,20205,19975,20482,21744
,Renta del trabajo,10081,11235,11546,11409,11025,10840,11460,12531,12532,12673,11888,12380,13212
,Renta capital mobiliario,945,1395,982,822,1754,630,1026,1094,1048,998,497,627,513
,Renta capital inmobiliario,253,282,307,324,387,404,438,482,533,504,457,490,567
,Renta de actividades,910,873,836,693,689,807,845,783,936,1041,1005,1015,1069
,Transferencias,2772,3678,4010,4178,4299,4834,4811,4769,4799,4990,6129,5971,6384
,Renta disponible,12889,15300,15413,15021,15356,15037,15924,16781,16816,17093,16927,17277,18467
Miracruz-Bidebieta,Renta total,15321,18039,18250,17613,17898,18365,18680,19254,20222,20322,20844,21150,24350
,Renta del trabajo,9450,10601,10707,10150,10367,10456,10737,11031,11333,11821,10885,11652,12895
,Renta capital mobiliario,1042,1285,1174,1007,912,790,731,899,1413,909,1016,875,2360
,Renta capital inmobiliario,206,247,276,292,323,345,377,423,413,434,436,461,528
,Renta de actividades,854,858,747,722,795,864,869,960,1074,1045,962,1047,1148
,Transferencias,3768,5047,5346,5443,5501,5909,5966,5940,5989,6113,7545,7114,7418
,Renta disponible,13175,15690,15783,15068,15135,15628,15961,16344,17121,17185,17646,17822,20552
Miramon-Zorroaga,Renta total,27238,32879,32555,30447,31908,33536,40120,43972,45687,43678,40073,48112,78996
,Renta del trabajo,17014,19219,19513,18442,19018,19582,21362,23586,25287,22486,23688,26664,33668
,Renta capital mobiliario,3824,5446,4389,2841,3267,4122,8656,10101,9576,9545,5009,8881,33065
,Renta capital inmobiliario,776,1199,1427,1590,1687,1611,1565,1685,1874,2010,1714,1904,2241
,Renta de actividades,2392,2543,2747,2816,3026,2781,3181,3408,3744,4122,3231,4439,3710
,Transferencias,3231,4472,4479,4758,4911,5439,5355,5193,5205,5514,6430,6224,6313
,Renta disponible,21877,26492,25662,23798,24535,26253,31327,33752,34272,33667,30474,35658,59243
Zubieta,Renta total,20308,22661,23404,22911,22902,22670,22481,23878,25804,23996,25982,26838,29014
,Renta del trabajo,13334,15170,15689,14664,15006,14863,14512,15389,15344,15945,15401,17268,18046
,Renta capital mobiliario,1121,1416,1174,1351,1166,880,933,513,2906,259,447,759,269
,Renta capital inmobiliario,601,974,907,1118,1173,979,1041,1277,1168,1262,1398,1369,1926
,Renta de actividades,2074,1404,1464,1210,1001,764,902,1059,860,1044,1097,1081,1493
,Transferencias,3178,3698,4170,4567,4556,5184,5092,5640,5526,5486,7639,6360,7280
,Renta disponible,16744,19118,19429,18849,18588,18948,18691,19812,21208,19846,21317,21786,23448
VITORIA-GASTEIZ,Renta total,17597,19980,20465,19604,19558,20004,20115,20643,21259,22111,21818,22615,24000
,Renta del trabajo,11820,12970,12989,12117,12099,12386,12404,12815,13098,13668,12811,13630,14440
,Renta capital mobiliario,1465,1678,1325,1335,1161,1138,1028,1021,1211,1179,1021,1093,1249
,Renta capital inmobiliario,274,352,368,352,367,386,415,430,452,470,456,475,516
,Renta de actividades,828,779,710,670,692,723,754,788,808,818,762,854,857
,Transferencias,3209,4201,5073,5130,5239,5371,5514,5589,5690,5976,6769,6563,6938
,Renta disponible,14901,17137,17453,16586,16486,16808,16848,17245,17704,18391,18180,18769,19948
Abetxuko,Renta total,13325,14927,14486,14340,14357,14827,14876,15462,16061,16964,17011,17260,18460
,Renta del trabajo,8855,9348,8930,8296,8427,8761,8742,9120,9703,10194,9793,10303,11195
,Renta capital mobiliario,781,618,343,469,407,416,350,231,291,348,191,249,350
,Renta capital inmobiliario,73,140,143,151,151,160,154,174,208,222,230,204,227
,Renta de actividades,543,516,394,364,314,362,407,417,394,472,482,464,521
,Transferencias,3073,4305,4677,5059,5058,5128,5224,5520,5464,5728,6315,6041,6167
,Renta disponible,11719,13357,12876,12741,12716,13095,13070,13593,14062,14771,14837,14974,15999
Adurtza,Renta total,14358,16403,16520,15967,15892,16301,16672,16847,17304,17750,17802,18766,20162
,Renta del trabajo,9593,10113,9635,8525,8574,8777,8709,9209,9414,9614,8972,10069,10843
,Renta capital mobiliario,860,1059,799,990,785,772,830,442,515,432,570,585,761
,Renta capital inmobiliario,112,153,182,185,180,187,203,227,235,261,246,259,283
,Renta de actividades,499,483,409,417,492,525,672,567,572,489,463,452,467
,Transferencias,3293,4595,5495,5850,5861,6040,6258,6402,6569,6954,7551,7401,7808
,Renta disponible,12480,14446,14506,13934,13823,14130,14359,14497,14848,15313,15340,16112,17279
Ali-Gobeo,Renta total,16982,17253,18047,17709,18707,18655,19150,20587,21343,20699,20843,21114,22068
,Renta del trabajo,9317,10215,11113,11060,11564,11730,11651,12435,12667,13451,13136,13759,14985
,Renta capital mobiliario,3139,1478,1300,1287,1152,953,1278,2045,2237,596,927,421,437
,Renta capital inmobiliario,132,389,441,493,579,553,583,696,708,709,727,772,806
,Renta de actividades,860,803,719,519,698,707,890,785,906,960,795,992,743
,Transferencias,3534,4367,4473,4349,4714,4712,4748,4625,4825,4983,5259,5170,5098
,Renta disponible,14738,15232,15718,15272,16115,16008,16270,17364,17998,17569,17580,17735,18525
Arana,Renta total,13609,14913,15158,14142,14069,14391,14573,15109,15499,16176,16086,16483,17663
,Renta del trabajo,8297,7755,7496,6626,6642,6760,7025,7675,8003,8578,7826,8494,9039
,Renta capital mobiliario,739,1208,900,865,756,701,515,390,667,473,552,663,865
,Renta capital inmobiliario,91,122,163,156,162,170,175,196,180,192,211,191,216
,Renta de actividades,504,418,319,261,295,323,350,357,338,408,346,313,411
,Transferencias,3978,5410,6280,6234,6214,6437,6510,6491,6311,6525,7151,6823,7132
,Renta disponible,11953,13375,13545,12586,12466,12715,12886,13272,13546,14135,14060,14364,15328
Aranbizkarra,Renta total,15672,17244,17683,16720,16601,16852,16778,17402,17632,18388,18554,19287,20558
,Renta del trabajo,10960,11041,10353,8838,8523,8426,8259,8566,8618,9061,8471,9128,9569
,Renta capital mobiliario,1116,1198,936,1097,936,878,701,757,595,523,593,750,816
,Renta capital inmobiliario,162,204,231,208,231,252,285,291,316,314,319,337,352
,Renta de actividades,579,528,477,378,387,423,422,439,466,414,408,426,391
,Transferencias,2855,4273,5686,6199,6524,6874,7110,7348,7637,8075,8764,8646,9430
,Renta disponible,13436,15040,15352,14500,14370,14554,14461,14958,15137,15786,15903,16483,17590
Arantzabela,Renta total,15998,19291,20612,18821,18860,20329,19534,19074,19508,20217,20594,20801,22096
,Renta del trabajo,12126,13408,12962,11022,10751,10615,10083,9426,9319,9206,9027,9102,9860
,Renta capital mobiliario,869,1079,1479,1236,1008,1939,1094,718,812,902,645,692,574
,Renta capital inmobiliario,123,201,233,257,268,258,285,347,342,355,378,431,486
,Renta de actividades,573,561,487,514,568,536,543,597,690,646,557,497,502
,Transferencias,2307,4042,5451,5791,6264,6981,7529,7986,8344,9109,9987,10079,10672
,Renta disponible,13535,16623,17609,16084,16030,17235,16557,16241,16572,17203,17572,17752,18827
Aretxabaleta-Gardelegi,Renta total,-,-,-,26584,28351,29690,31775,32697,33172,37640,36894,36718,39092
,Renta del trabajo,-,-,-,21755,23212,23769,25175,26870,27222,31494,28066,30448,30945
,Renta capital mobiliario,-,-,-,1473,1008,1268,1663,1160,1332,1597,3373,1238,3193
,Renta capital inmobiliario,-,-,-,233,273,293,421,439,443,515,551,595,606
,Renta de actividades,-,-,-,1230,1897,1944,2294,2101,2320,2187,1805,1695,1670
,Transferencias,-,-,-,1893,1961,2417,2223,2126,1855,1847,3100,2741,2676
,Renta disponible,-,-,-,22059,23111,24076,25478,25997,26329,28667,29281,29023,31059
Ariznabarra,Renta total,18479,20431,20246,19758,19753,19878,19813,20166,20207,21212,21021,22381,22872
,Renta del trabajo,13396,14821,14399,13619,13510,13747,13803,13815,13655,14200,13239,13980,14364
,Renta capital mobiliario,1451,1254,884,1073,1008,907,660,724,680,697,697,1233,715
,Renta capital inmobiliario,189,229,273,241,255,262,289,308,325,355,322,357,391
,Renta de actividades,858,710,636,630,626,634,632,681,842,875,812,895,885
,Transferencias,2585,3418,4052,4195,4353,4328,4430,4637,4705,5084,5951,5917,6516
,Renta disponible,15449,17331,16999,16499,16417,16508,16406,16678,16682,17500,17336,18397,18913
Arriaga-Lakua,Renta total,18652,20780,21048,20354,20351,20677,20829,21134,21512,22478,21926,22621,23744
,Renta del trabajo,15316,16357,16154,15071,15101,15392,15439,15724,16012,16447,15198,16072,16868
,Renta capital mobiliario,698,820,716,846,727,589,653,538,491,686,555,594,654
,Renta capital inmobiliario,150,202,245,240,251,261,283,298,313,326,328,341,375
,Renta de actividades,800,784,708,658,665,709,709,739,726,733,680,706,725
,Transferencias,1688,2617,3225,3539,3606,3726,3746,3835,3971,4287,5165,4909,5122
,Renta disponible,15774,17829,17857,17201,17147,17373,17406,17612,17890,18669,18230,18717,19673
Casco Viejo Vitoria,Renta total,14041,15680,15903,15239,15214,15407,15739,15957,16175,17151,16706,17194,18178
,Renta del trabajo,9406,10038,9882,8923,9017,9176,9347,9738,9922,10742,10024,10747,11417
,Renta capital mobiliario,895,900,649,714,617,538,509,382,390,474,364,384,446
,Renta capital inmobiliario,203,250,271,272,292,302,323,301,330,352,309,313,375
,Renta de actividades,696,687,675,578,586,627,645,669,714,764,596,669,790
,Transferencias,2841,3806,4427,4752,4702,4765,4914,4867,4817,4819,5414,5083,5150
,Renta disponible,12155,13755,13863,13256,13172,13298,13566,13729,13883,14661,14305,14660,15480
Coronacion,Renta total,15521,17268,17234,16352,16291,16465,16697,17042,17610,18117,17925,18390,19372
,Renta del trabajo,8594,8805,8463,7600,7598,7821,7976,8618,8924,9690,8816,9497,10188
,Renta capital mobiliario,1516,1948,1245,1310,1117,965,830,698,1020,591,714,719,731
,Renta capital inmobiliario,324,416,435,400,397,439,453,457,470,464,438,448,496
,Renta de actividades,665,585,531,476,549,530,584,630,607,653,600,686,689
,Transferencias,4422,5513,6559,6566,6629,6710,6854,6639,6589,6719,7356,7041,7268
,Renta disponible,13439,15111,15089,14227,14103,14248,14416,14639,15054,15508,15348,15697,16553
Desamparados,Renta total,19686,22235,22928,22701,22018,22446,22522,23341,23282,24313,24095,24464,26502
,Renta del trabajo,11284,12318,12244,11666,11116,11477,11218,11461,11822,12090,11272,12025,12705
,Renta capital mobiliario,2307,2827,2242,2631,2191,1987,1911,2391,1626,1988,1890,1541,2334
,Renta capital inmobiliario,554,681,741,750,789,801,829,864,884,897,845,856,922
,Renta de actividades,1050,979,897,859,842,931,1028,1008,1103,1127,1066,1280,1183
,Transferencias,4491,5431,6805,6794,7080,7251,7536,7617,7847,8211,9022,8762,9358
,Renta disponible,16524,18853,19304,18895,18243,18558,18563,19248,19144,19937,19843,20045,21802
El Anglo,Renta total,16493,18900,19794,18891,18464,18888,18822,19214,19234,20202,20362,20672,22410
,Renta del trabajo,9973,10760,10587,9720,9480,9710,9647,9967,10035,10647,10005,10724,11623
,Renta capital mobiliario,1512,1892,1575,1551,1199,1075,831,847,779,818,974,830,940
,Renta capital inmobiliario,408,502,499,491,502,470,517,523,532,578,554,602,617
,Renta de actividades,683,585,537,534,512,527,579,603,562,661,552,600,627
,Transferencias,3919,5162,6596,6595,6770,7106,7249,7274,7326,7498,8277,7917,8604
,Renta disponible,14133,16337,17060,16198,15757,16135,16046,16236,16274,17106,17187,17425,18938
El Pilar,Renta total,14526,16080,16534,15563,15434,15652,15707,15891,16199,17252,16816,17584,18326
,Renta del trabajo,8965,8221,7498,6345,6209,6326,6345,6786,7095,7569,6945,7511,8012
,Renta capital mobiliario,881,1338,973,1146,963,830,721,482,489,752,406,699,522
,Renta capital inmobiliario,200,253,271,262,273,287,323,308,321,329,334,341,362
,Renta de actividades,548,430,411,354,375,355,366,361,329,352,344,372,383
,Transferencias,3933,5838,7381,7456,7614,7854,7952,7954,7966,8250,8787,8661,9047
,Renta disponible,12645,14283,14602,13708,13560,13748,13736,13907,14152,14932,14633,15293,15925
Ensanche,Renta total,25550,28311,28740,27345,27025,29071,28700,28694,30796,32241,29272,31936,33337
,Renta del trabajo,13126,14860,14841,13964,13771,14682,14037,14371,14990,15821,14355,16345,16780
,Renta capital mobiliario,4787,4860,3943,3899,3482,4444,4119,3414,4577,4984,2590,3206,3373
,Renta capital inmobiliario,967,1286,1221,1218,1273,1318,1413,1434,1510,1495,1370,1447,1568
,Renta de actividades,2317,2353,2141,2078,2091,2101,2259,2433,2466,2454,2350,2746,2901
,Transferencias,4353,4951,6593,6187,6409,6526,6873,7042,7252,7488,8606,8192,8715
,Renta disponible,20925,23280,23712,22012,21696,23108,22969,22858,24430,25602,23395,25222,26499
Gazalbide,Renta total,18905,21041,22328,20705,20940,20963,21252,21866,22749,26836,23738,23967,26675
,Renta del trabajo,11468,12184,11019,9611,9610,9538,9274,9652,9709,10261,9576,9903,10449
,Renta capital mobiliario,1688,1507,1401,1743,1483,1242,1510,1216,1467,4334,1159,1105,2488
,Renta capital inmobiliario,268,309,358,319,354,392,414,445,488,497,565,559,628
,Renta de actividades,719,619,569,489,564,534,506,509,690,569,485,609,528
,Transferencias,4763,6421,8981,8543,8928,9257,9549,10044,10396,11175,11953,11791,12582
,Renta disponible,15950,17950,18962,17430,17576,17623,17816,18312,18949,22125,19850,20008,22257
Judimendi,Renta total,14950,17298,17839,17296,17230,17525,17610,18218,18382,20093,19687,20204,21709
,Renta del trabajo,8964,9490,9436,8652,8631,8972,9026,9794,10076,10756,10226,10996,11885
,Renta capital mobiliario,870,1506,1161,1223,1108,1008,818,794,787,1604,1043,814,1197
,Renta capital inmobiliario,306,379,430,436,450,470,474,478,477,506,492,518,554
,Renta de actividades,536,554,473,469,471,513,528,544,623,607,544,808,768
,Transferencias,4275,5369,6339,6516,6570,6562,6764,6609,6418,6619,7382,7069,7305
,Renta disponible,12912,15142,15522,14968,14836,15015,15106,15517,15635,16974,16630,17056,18307
Lovaina,Renta total,22110,25705,26971,25407,25261,26039,25658,26088,27741,28690,28425,29330,31874
,Renta del trabajo,12909,15138,15456,14298,14013,14080,13809,14440,14633,15579,14550,15439,16717
,Renta capital mobiliario,3144,3329,3000,2699,2482,2723,2191,2122,3144,2572,2362,2415,3128
,Renta capital inmobiliario,617,838,910,835,878,946,1024,1013,1122,1120,1084,1067,1165
,Renta de actividades,1385,1528,1239,1321,1365,1524,1615,1474,1438,1512,1622,1754,1649
,Transferencias,4055,4871,6367,6254,6524,6765,7020,7039,7405,7908,8806,8656,9215
,Renta disponible,18264,21206,22241,20713,20503,21030,20701,21048,22292,23100,22865,23402,25465
Mendizorrotza,Renta total,29902,39456,38860,36265,35325,35998,37918,40180,44514,45562,45918,45091,48846
,Renta del trabajo,19313,22623,20340,18698,18346,18669,18511,19356,19966,20626,20039,21468,22287
,Renta capital mobiliario,5123,8822,8356,7415,5840,5618,7060,7795,10764,10895,10730,8611,10514
,Renta capital inmobiliario,801,1510,1501,1551,1572,1599,1688,1885,1923,1963,1918,1950,2078
,Renta de actividades,1924,2090,2031,2386,2656,3008,3013,3318,3636,3559,3709,3498,3713
,Transferencias,2742,4411,6631,6215,6911,7104,7646,7825,8224,8519,9522,9564,10255
,Renta disponible,23991,32000,31405,28011,27178,27529,28915,30291,33604,34538,35046,34020,37224
Salburua,Renta total,-,21207,21847,20575,20850,21080,21398,21887,22489,23429,23131,24066,25468
,Renta del trabajo,-,17462,18025,17175,17392,17522,17958,18403,19176,19793,18537,19632,20942
,Renta capital mobiliario,-,765,915,421,493,460,428,392,367,478,534,536,639
,Renta capital inmobiliario,-,180,185,162,167,192,214,217,246,263,259,275,294
,Renta de actividades,-,745,628,576,607,603,636,689,696,745,612,723,714
,Transferencias,-,2056,2095,2240,2191,2304,2163,2186,2004,2150,3189,2900,2877
,Renta disponible,-,18466,18716,17541,17698,17812,17958,18351,18762,19446,19251,19948,21177
San Cristóbal,Renta total,15044,17249,17270,16513,16140,16530,16892,17279,17645,18362,18117,18967,19947
,Renta del trabajo,9895,10243,9439,8276,7970,8142,8341,8850,8915,9342,8759,9331,9696
,Renta capital mobiliario,770,1280,788,1016,806,748,714,517,623,668,443,562,601
,Renta capital inmobiliario,137,185,216,221,226,253,264,276,291,304,298,337,379
,Renta de actividades,468,463,427,356,368,379,419,490,512,502,510,742,692
,Transferencias,3774,5077,6400,6644,6771,7008,7154,7145,7305,7546,8107,7995,8579
,Renta disponible,13014,15122,15105,14369,14022,14337,14616,14873,15173,15731,15579,16236,17146
San Martín,Renta total,22245,25069,25615,24344,24190,24898,24881,25982,28318,27416,27504,27691,29830
,Renta del trabajo,16305,17650,17243,15635,15515,15748,15539,15436,15320,15557,14420,14105,14543
,Renta capital mobiliario,1784,2258,1745,1998,1606,1704,1396,1838,3629,1624,1777,1698,1906
,Renta capital inmobiliario,385,516,522,494,529,571,612,653,697,748,731,748,836
,Renta de actividades,959,905,838,847,825,813,812,828,839,861,790,904,895
,Transferencias,2813,3741,5266,5370,5715,6061,6523,7227,7834,8626,9788,10236,11650
,Renta disponible,18178,20610,20983,19806,19593,20141,20117,20971,22802,22206,22273,22477,24220
Sansomendi,Renta total,16487,18547,18913,18154,18026,18422,18495,18674,18970,19594,19183,19779,20809
,Renta del trabajo,13566,14373,14661,13516,13349,13543,13725,13741,13914,14278,13276,13862,14665
,Renta capital mobiliario,475,674,533,558,500,518,358,362,349,400,249,413,409
,Renta capital inmobiliario,79,111,133,128,138,149,165,178,189,205,212,228,245
,Renta de actividades,701,650,590,515,527,586,572,607,630,604,570,593,555
,Transferencias,1665,2739,2995,3436,3513,3625,3677,3786,3889,4108,4876,4683,4935
,Renta disponible,14030,16002,16138,15453,15303,15594,15575,15708,15923,16449,16108,16563,17441
Santa Lucia,Renta total,16485,18923,19635,18452,18436,18503,18604,19105,19433,20501,20492,20980,22849
,Renta del trabajo,11748,12898,12559,11133,10950,10834,10692,10645,10574,10896,10047,10289,10617
,Renta capital mobiliario,1352,1348,1118,1172,1095,872,662,664,636,688,672,762,1411
,Renta capital inmobiliario,152,201,230,221,228,233,248,277,294,315,309,327,359
,Renta de actividades,582,586,534,436,417,429,423,423,448,425,364,394,371
,Transferencias,2652,3890,5193,5491,5747,6134,6579,7096,7481,8177,9100,9208,10091
,Renta disponible,14024,16288,16800,15733,15654,15727,15764,16181,16464,17332,17368,17781,19327
Santiago,Renta total,16986,19524,20915,20161,20025,20598,20657,21405,21892,22963,22834,23466,24896
,Renta del trabajo,11866,12324,12413,10949,10523,10594,10321,10613,10740,10820,9648,9981,10165
,Renta capital mobiliario,1168,1772,1395,1628,1550,1720,1503,1463,1338,1459,1419,1665,1691
,Renta capital inmobiliario,227,280,371,352,359,425,453,481,474,511,501,515,585
,Renta de actividades,550,605,569,581,679,537,558,628,610,608,522,587,645
,Transferencias,3175,4542,6166,6651,6913,7321,7822,8220,8731,9564,10744,10718,11811
,Renta disponible,14330,16716,17804,17055,16817,17272,17295,17857,18320,19190,19083,19709,20830
Txagorritxu,Renta total,16932,19277,20219,18733,18697,18936,19019,19727,20158,20872,20949,22223,22950
,Renta del trabajo,10109,10571,10012,9016,9016,9050,9202,9842,9968,10605,9819,10249,11042
,Renta capital mobiliario,1475,2055,1755,1514,1213,1214,947,825,1029,760,956,1779,1187
,Renta capital inmobiliario,236,307,348,333,385,402,428,435,442,469,468,506,543
,Renta de actividades,555,494,452,350,356,375,398,502,493,445,397,463,418
,Transferencias,4557,5850,7651,7520,7726,7894,8045,8123,8226,8593,9308,9226,9759
,Renta disponible,14485,16662,17510,16056,15978,16129,16155,16732,17038,17635,17704,18686,19349
Zabalgana,Renta total,-,23133,22539,21329,21512,22031,22292,22788,22888,23653,23601,25026,26465
,Renta del trabajo,-,19573,19519,18028,18089,18594,18929,18938,19443,20044,19182,20372,21708
,Renta capital mobiliario,-,793,516,474,524,463,418,834,503,577,484,878,943
,Renta capital inmobiliario,-,125,118,126,150,170,196,213,237,253,254,274,296
,Renta de actividades,-,806,657,591,669,708,724,752,751,744,644,791,807
,Transferencias,-,1835,1730,2110,2079,2095,2023,2052,1954,2035,3036,2712,2711
,Renta disponible,-,19878,19186,18035,18104,18481,18582,18985,19005,19602,19575,20631,21847
Zaramaga,Renta total,13460,15292,15311,14593,14576,14800,14695,15100,15304,16120,15892,16392,17347
,Renta del trabajo,8261,7918,7373,6280,6270,6546,6467,6985,7153,7709,7044,7716,8215
,Renta capital mobiliario,628,1105,712,791,669,577,433,373,306,363,339,320,423
,Renta capital inmobiliario,108,147,160,165,162,163,174,174,179,193,178,197,219
,Renta de actividades,379,318,316,289,294,294,318,333,342,363,356,409,425
,Transferencias,4085,5805,6750,7068,7182,7219,7302,7236,7323,7492,7974,7751,8066
,Renta disponible,11809,13673,13671,12990,12925,13113,12990,13320,13487,14151,13959,14364,15197
Zona Rural Este,Renta total,20814,22624,23850,22372,22131,23451,22403,22861,23615,25445,26116,26819,27887
,Renta del trabajo,14989,14569,14694,13426,13626,13960,13549,13745,13849,15162,14489,15131,15474
,Renta capital mobiliario,1578,1955,1853,1683,1413,2320,1432,925,1445,1412,1828,1340,1537
,Renta capital inmobiliario,366,898,890,941,924,960,1001,1019,1005,1152,1148,1180,1263
,Renta de actividades,1946,1741,1911,1667,1472,1438,1526,1544,1447,1606,1628,2033,2140
,Transferencias,1934,3460,4501,4655,4695,4772,4895,5627,5868,6113,7023,7135,7474
,Renta disponible,17420,19100,20154,18687,18452,19384,18486,18946,19460,20845,21303,21883,22775
Zona Rural Noroeste,Renta total,19616,19609,20358,19786,20736,20414,20282,19812,20705,21069,21923,22464,23288
,Renta del trabajo,10707,12115,11849,11426,12146,11782,11008,11289,11517,11906,12025,12169,12787
,Renta capital mobiliario,3430,1495,1300,1694,2062,1669,1714,994,1314,1018,914,1274,1117
,Renta capital inmobiliario,340,520,601,561,561,659,693,636,700,737,766,830,863
,Renta de actividades,2235,1972,2157,1990,1638,1642,1898,1809,1758,1889,1997,2252,1992
,Transferencias,2903,3507,4451,4115,4330,4663,4969,5084,5416,5518,6220,5939,6529
,Renta disponible,16746,17005,17448,16777,17519,17221,16961,16699,17411,17657,18281,18762,19442
Zona Rural Suroeste,Renta total,21105,23758,24836,25020,25635,25630,23888,26354,26564,28092,28680,30729,32254
,Renta del trabajo,12374,14903,15529,14970,14688,15535,14473,16096,16424,16591,16876,18357,19429
,Renta capital mobiliario,3524,3045,2155,3198,4126,2970,2085,2680,2532,2969,2885,2942,3260
,Renta capital inmobiliario,555,703,822,888,942,932,1012,990,950,997,1137,1337,1374
,Renta de actividades,1598,1586,1812,1724,1457,1621,1692,1840,1617,1926,1516,1989,1843
,Transferencias,3054,3521,4518,4240,4423,4573,4626,4748,5041,5609,6265,6103,6348
,Renta disponible,17515,19709,20560,20383,20996,20770,19440,21380,21524,22587,23050,24577,25908
,,,,,,,,,,,,,,
,,,,,,,,,,,,,,
,,,,,,,,,,,,,,
Fuente:,,,,,,,,,,,,,,
EUSTAT. Estadística de Renta Personal y Familiar,,,,,,,,,,,,,,
,,,,,,,,,,,,,,
,,,,,,,,,,,,,,
,,,,,,,,,,,,,,
Units:,,,,,,,,,,,,,,
euros,,,,,,,,,,,,,,
,,,,,,,,,,,,,,
,,,,,,,,,,,,,,
,,,,,,,,,,,,,,
,,,,,,,,,,,,,,
,,,,,,,,,,,,,,
,,,,,,,,,,,,,,
,,,,,,,,,,,,,,
,,,,,,,,,,,,,,
,,,,,,,,,,,,,,
Código referencia interna:,,,,,,,,,,,,,,
rpf_rp22_2p,,,,,,,,,,,,,,
